name,price,description
Patagonia Torrentshell 3L Jas,"€199,95","Net binnenOur PlanetPatagonia Torrentshell 3L Jas0€199,955 kleuren beschikbaarXL"
Arc'teryx Beta AR Jas,"€599,95","Net binnenArc'teryx Beta AR Jas0€599,951 kleur beschikbaarSML"
Haglöfs Husk Hardshell Jas,"€129,95","-24%AanbiedingHaglöfs Husk Hardshell Jas1€169,95€129,952 kleuren beschikbaaractieactieSMLXLXXL"
Didriksons Hardy Hardshell Jas,"€139,95","-30%AanbiedingDidriksons Hardy Hardshell Jas3€199,95€139,952 kleuren beschikbaaractieactieSMLXLXXL"
Haglöfs Husk Hardshell Jas,"€129,95","-24%AanbiedingHaglöfs Husk Hardshell Jas1€169,95€129,952 kleuren beschikbaaractieactieSMLXLXXL"
Didriksons Hardy Hardshell Jas,"€139,95","-30%AanbiedingDidriksons Hardy Hardshell Jas3€199,95€139,952 kleuren beschikbaaractieactieSMLXLXXL"
Patagonia Torrentshell 3L Jacket,"€179,95","Our PlanetPatagonia Torrentshell 3L Jacket32€179,951 kleur beschikbaarSMLXL"
The North Face Dryzzle Flex Futurelight Jas,"€339,95","The North Face Dryzzle Flex Futurelight Jas4€339,951 kleur beschikbaarSMLXL"
The North Face M Dryzzle Futurelight Jacket,"€249,95","The North Face M Dryzzle Futurelight Jacket9€249,954 kleuren beschikbaarsaleSMLXL"
Ayacucho Adventure Regenjas,"€79,95","Ayacucho Adventure Regenjas 14€79,952 kleuren beschikbaarsaleMeer maten beschikbaar"
CORTAZU Hard Shell (Mnt),"€399,95","CORTAZU Hard Shell (Mnt)1€399,954 kleuren beschikbaarSMLXL"
CORTAZU Hard Shell (Mnt),"€399,95","CORTAZU Hard Shell (Mnt)1€399,954 kleuren beschikbaarSML"
CORTAZU Hard Shell (Mnt),"€399,95","CORTAZU Hard Shell (Mnt)1€399,954 kleuren beschikbaarSL"
CORTAZU Hard Shell (Mnt),"€399,95","CORTAZU Hard Shell (Mnt)1€399,954 kleuren beschikbaarSM"
Haglöfs Betula Gtx Hardshell Jas,"€199,95","Our PlanetHaglöfs Betula Gtx Hardshell Jas1€199,951 kleur beschikbaarSMLXLXXL"
Ayacucho Yosemite Jacket,"€99,95","Ayacucho Yosemite Jacket7€99,951 kleur beschikbaarSMLXL"
Sea To Summit 15D Poncho,"€109,95","Sea To Summit 15D Poncho 0€109,951 kleur beschikbaar"
Berghaus Hillwalker IA Gore-Tex Hardshell Jas,"€199,95","Berghaus Hillwalker IA Gore-Tex Hardshell Jas4€199,951 kleur beschikbaarMLXLXXL"
Mammut Norwand Light Hooded Hardshell Jas,"€359,95","Our PlanetMammut Norwand Light Hooded Hardshell Jas1€359,954 kleuren beschikbaarSMLXLXXL"
Rab Kangri Gore-Tex Hardshell Jas,"€389,95","Our PlanetRab Kangri Gore-Tex Hardshell Jas17€389,953 kleuren beschikbaarSMXLXXL"
Rab Namche Gtx Jacket,"€349,95","Our PlanetRab Namche Gtx Jacket4€349,951 kleur beschikbaarSMLXLXXL"
The North Face West Basin Dryvent Jas,"€229,95","Net binnenThe North Face West Basin Dryvent Jas0€229,953 kleuren beschikbaaractieSMLXLXXL"
Rab Latok Mountain Gtx Jacket,"€499,95","Our PlanetRab Latok Mountain Gtx Jacket6€499,951 kleur beschikbaarSMLXLXXL"
Jack Wolfskin Go Hike Jacket,"Vanaf €179,95","Our PlanetJack Wolfskin Go Hike Jacket0Vanaf €179,953 kleuren beschikbaarsaleMeer maten beschikbaar"
Ayacucho Mountain 3L Hardshell Jas,"€139,95","Net binnenAyacucho Mountain 3L Hardshell Jas0€139,951 kleur beschikbaarSMLXLXXL"
Arc'teryx Beta Hardshell Jas,"€399,95","Our PlanetArc'teryx Beta Hardshell Jas0€399,951 kleur beschikbaarMLXL"
Didriksons Aston 4 Hardshell Jas,"€219,95","Net binnenDidriksons Aston 4 Hardshell Jas1€219,952 kleuren beschikbaarMLXLXXL"
Jack Wolfskin Weiltal 2L Hardshell Jas,"€129,95","Jack Wolfskin Weiltal 2L Hardshell Jas0€129,951 kleur beschikbaarSMLXL"
Didriksons Aston 4 Hardshell Jas,"€219,95","Net binnenDidriksons Aston 4 Hardshell Jas1€219,952 kleuren beschikbaarMLXLXXL"
Rab Arc Eco Jacket,"€269,95","Our PlanetRab Arc Eco Jacket12€269,955 kleuren beschikbaarMLXLXXL"
Mammut Taiss Hooded Hardshell,"€379,95","Net binnenMammut Taiss Hooded Hardshell0€379,953 kleuren beschikbaarSMLXLXXL"
Vaude Me Neyland 2.5L Jacket,"€179,95","Net binnenOur PlanetVaude Me Neyland 2.5L Jacket0€179,952 kleuren beschikbaarMLXL"
Blue Loop Originals Virga Shell,"€229,95","Our PlanetBlue Loop Originals Virga Shell1€229,953 kleuren beschikbaarSMLXL"
Jack Wolfskin Pack & Go Shell M,"€169,95","Our PlanetJack Wolfskin Pack & Go Shell M10€169,953 kleuren beschikbaarMLXL"
The North Face M Dryzzle Futurelight Jacket,"€249,95","Net binnenThe North Face M Dryzzle Futurelight Jacket9€249,954 kleuren beschikbaarsaleSMLXLXXL"
Jack Wolfskin Jasper Hardshell Jas,"€219,95","Net binnenOur PlanetJack Wolfskin Jasper Hardshell Jas3€219,951 kleur beschikbaarMLXLXXL"
Haglöfs Roc Flash GTX Jas,"€449,95","Net binnenHaglöfs Roc Flash GTX Jas0€449,952 kleuren beschikbaarSMLXL"
"Picture Abstral + 2,5L Jas","€174,95","Net binnenOur PlanetPicture Abstral + 2,5L Jas0€174,951 kleur beschikbaarSMLXL"
The North Face Summit Torre Egger Futurelight Hardshell Jas,"€574,95","The North Face Summit Torre Egger Futurelight Hardshell Jas0€574,952 kleuren beschikbaarMLXL"
Rab Arc Eco Jacket,"€269,95","Our PlanetRab Arc Eco Jacket12€269,955 kleuren beschikbaarSMLXL"
Blue Loop Originals Virga Shell,"€229,95","Net binnenOur PlanetBlue Loop Originals Virga Shell1€229,953 kleuren beschikbaarSMLXL"
Berghaus Cornice II IA Jas,"€269,95","Berghaus Cornice II IA Jas7€269,951 kleur beschikbaarMLXL"
Patagonia Granite Crest 3L Jacket,"€289,95","Net binnenOur PlanetPatagonia Granite Crest 3L Jacket9€289,955 kleuren beschikbaarSMLXL"
Mammut Convey Tour Gtx Jacket,"€249,95","Net binnenOur PlanetMammut Convey Tour Gtx Jacket10€249,957 kleuren beschikbaarMLXL"
The North Face Summit Chamlang Futurelight Jas,"€479,95","The North Face Summit Chamlang Futurelight Jas0€479,952 kleuren beschikbaarMLXL"
Ayacucho Fitz Roy Anorak M,"€79,95","Net binnenAyacucho Fitz Roy Anorak M1€79,951 kleur beschikbaarSMLXL"
Blue Loop Originals Virga Shell Regenjas,"€229,95","Blue Loop Originals Virga Shell Regenjas5€229,954 kleuren beschikbaarSML"
The North Face Stolemberg 3L Dryvent Jas,"€299,95","Net binnenThe North Face Stolemberg 3L Dryvent Jas0€299,951 kleur beschikbaarMLXL"
The North Face Men’S Summit Superior Futurelight™ Jacket,"€299,95","Net binnenThe North Face Men’S Summit Superior Futurelight™ Jacket0€299,951 kleur beschikbaarSML"
Fjällräven Vardag Hydratic Anorak Jas,"€299,95","Net binnenFjällräven Vardag Hydratic Anorak Jas0€299,953 kleuren beschikbaarMLXL"
adidas MT Rr 2.5 L Raij Hardshell Jas,"€159,95","Net binnenOur Planetadidas MT Rr 2.5 L Raij Hardshell Jas0€159,951 kleur beschikbaarSMLXL"
