Naam,Prijs,Foto,Review
Thermoshirt voor skiën dames BL 100 zwart,"€6,99",https://contents.mediadecathlon.com/p1691845/k$ea7ac2b43e3d08cb55754cd7a6d353aa/sq/thermoshirt-voor-skien-dames-bl-100-zwart.jpg?format=auto&f=800x0,"['Zit lekker. Warm en niet koud gehad', 'Goed']"
Thermoshirt unisex Keepdry 500 korte mouwen zwart,"€14,99",https://contents.mediadecathlon.com/p2361487/k$87c1d2002df069255814fef191eedb82/sq/thermoshirt-unisex-keepdry-500-korte-mouwen-zwart.jpg?format=auto&f=800x0,"['Slechte info betreft maatvoering\nVorige bestelling thermoshirts besteld lange mouw lx perfect !\nNu korte mouwen xl en past mijn zoon van 16 nog niet eens', 'Prima zweetshirt voor o. a fietsen! Draagt fijn!']"
Thermoshirt unisex Keepdry 500 met lange mouwen zwart,"€17,99",https://contents.mediadecathlon.com/p2362329/k$b3445432a77058e145d218813a0c8b34/sq/thermoshirt-unisex-keepdry-500-met-lange-mouwen-zwart.jpg?format=auto&f=800x0,"['Heerlijk en goed/fijn materiaal, waardoor ik geen jeuk krijg als bij andere sommige merken! Vanwege allergie!', 'It keeps working as the first day after years']"
Thermoshirt kind | Thermokleding kind | Wedze 100 | Zwart,"€5,99",https://contents.mediadecathlon.com/p89687/k$95cdd18abb61c807c77c0139dbf39138/sq/thermoshirt-kind-thermokleding-kind-wedze-100-zwart.jpg?format=auto&f=800x0,"['Lekker zacht en elastisch.', 'Vooral voor de kindermaten valt het echt een maat kleiner. Hier 10y besteld en is gelijk aan 134 vermoed ik. Te klein dus voor een tienjarige.']"
FIETSONDERSHIRT ESSENTIAL ZWART,"€10,99",https://contents.mediadecathlon.com/p2132988/k$89bc513deff2a531e2fa69212bf23c66/sq/fietsondershirt-essential-zwart.jpg?format=auto&f=800x0,"['Het beste wat ik tot nu toe ooit gehad heb. Ik zweet gigantisch veel. Dit shirt ventileert goed. Ik gebruik dit onder de 10° in combinatie met een gewatteerde fietstrui. Onder de 5° doe ik een termo jas aan.', 'Ik had in het verleden soorgelijke ondershirts van de decathlon.\nDeze waren qua maatvoering een stuk beter en ook een stuk elastischer.\n\nIk had nu de grootste die er is (XL/XXL) en deze zit als een naveltruitje.\nIk ben met andere kleding vaak een XL dus je zou zeggen dat deze moet passen.\n\nJammer, dat er geen grotere maat is, deze gaan helaas terug :(']"
Wielren ondershirt Roadc 500 SM wit voor de zomer of indoor,"€15,99",https://contents.mediadecathlon.com/p2185868/k$36af0e0d53a7c68e53dcd04a6ad06c2b/sq/wielren-ondershirt-roadc-500-sm-wit-voor-de-zomer-of-indoor.jpg?format=auto&f=800x0,"['Voor die prijs, gewoon goed!', 'Zit als gegoten.']"
Herenthermoshirt voor skiën BL 100 zwart,"€6,99",https://contents.mediadecathlon.com/p1691723/k$76339ac8f2a8cdd63d1f1685646bd279/sq/herenthermoshirt-voor-skien-bl-100-zwart.jpg?format=auto&f=800x0,"['Ik gebruik dit T-shirt met lange mouwen bij het fietsen in de winter. Het shirt beschermd erg goed tegen de kou.', 'prima pasvorm juiste maat, fijn materiaal']"
Merino thermoshirt voor skiën heren 900 opstaande kraag marineblauw,"€54,99",https://contents.mediadecathlon.com/p2295528/k$fd4a31e7afb951b021fa049dbfefcfb8/sq/merino-thermoshirt-voor-skien-heren-900-opstaande-kraag-marineblauw.jpg?format=auto&f=800x0,"['Goed produkt en in de aanbieding een super prijs', ""Great product wasn't sure about the roll neck when bought for skiing.\nUsed on skiing holiday, comfortable, warm and breathable.\nUsed since on motorcycle and great""]"
Thermoshirt kind Keepdry 500 lange mouwen wit,"€14,99",https://contents.mediadecathlon.com/p2321230/k$a48c527ffcea282d4f369b11317e2f23/sq/thermoshirt-kind-keepdry-500-lange-mouwen-wit.jpg?format=auto&f=800x0,"['Fijn dun shirt voor buitensporten om warm te blijven.', 'Goede prijs en kwaliteit']"
ADEMEND HARDLOOPSHIRT VOOR DAMES KIPRUN SKINCARE ZWART,"€19,99",https://contents.mediadecathlon.com/p1764093/k$bd17333fb4ec4274fab06d61b2053782/sq/ademend-hardloopshirt-voor-dames-kiprun-skincare-zwart.jpg?format=auto&f=800x0,"['Really comfortable on your skin, absorbing. Perfect for running!', 'Goed']"
Fiets ondershirt dames 500 zwart voor warm weer of indoor,"€14,99",https://contents.mediadecathlon.com/p1765117/k$be2ec019aaba384f7942af89ef55d7ce/sq/fiets-ondershirt-dames-500-zwart-voor-warm-weer-of-indoor.jpg?format=auto&f=800x0,"['Het shirtje zit goed. Doet wat ie moet doen. Sluit bij mij goed aan. (maat M gekozen 1.69cm/72kg) Hij schijnt alles iets door maar met een zwarte sportbh er onder valt het niet heel erg op.', 'uitstekend']"
Thermoshirt voor skiën voor dames 500 koraalrood,"€14,99",https://contents.mediadecathlon.com/p2041466/k$e466d5ac01806580dcce40cc1293c565/sq/thermoshirt-voor-skien-voor-dames-500-koraalrood.jpg?format=auto&f=800x0,"['Great base layers who easily get cold in winter. No sweat, no overheat, just right', 'Good product']"
Wielren ondershirt voor fris weer,"€19,99",https://contents.mediadecathlon.com/p1625570/k$d818d6352d423bb07d92500565343a16/sq/wielren-ondershirt-voor-fris-weer.jpg?format=auto&f=800x0,"['Dit shirt is echt een aanrader. Is niet duur en helpt enorm met de ritten. Hij heeft een klein kraagje wat helpt om je warm te houden, hierdoor komt er geen koude lucht je shirt in.\n\nIk heb hem gebruikt onder een zomershirt met lange mouwen en zelfs dan is het nog goed uit te houden met herfst temperaturen.', 'Heerlijke pasvorm en goed isolerend.']"
Mouwloos ondershirt voor basketbal kinderen NBA Los Angeles Lakers UT500 zwart,"€15,99",https://contents.mediadecathlon.com/p2331276/k$c1b375a1c675d3b4207667ef9132dbbf/sq/mouwloos-ondershirt-voor-basketbal-kinderen-nba-los-angeles-lakers-ut500-zwart.jpg?format=auto&f=800x0,[]
Kinderthermoshirt voor skiën BL500 print parcours,"€7,99",https://contents.mediadecathlon.com/p2264918/k$2a75d8349534280e8d44b799aec7a5f9/sq/kinderthermoshirt-voor-skien-bl500-print-parcours.jpg?format=auto&f=800x0,"['Superfijn thermoshirt!', 'Kwaliteit en afwerking prima, maar ventilatienet op rug irriteert hooggevoelige kinderen.\nDe naden zitten langs de schouderbladen.\nAls je kind de labels niet verdraagt, zal dit ook niet als aangenaam ervaren worden.']"
Heat Keeper Thermoset Dames Premium - Thermoshirt + Thermo Legging - Zwart,"€33,95",https://contents.mediadecathlon.com/m9019619/k$7bc8e1ec2b5971958805b67892aad18e/sq/heat-keeper-thermoset-dames-premium-thermoshirt-thermo-legging-zwart.jpg?format=auto&f=800x0,"['dit thermisch ondergoed is geweldig', 'Prima']"
Thermoshirt voor skiën dames 500 wit,"€14,99",https://contents.mediadecathlon.com/p1871274/k$21dc0c6b9ab6e8165b81a2e1fe640a07/sq/thermoshirt-voor-skien-dames-500-wit.jpg?format=auto&f=800x0,"['Uitstekend', 'In 2 kleuren verkrijgbaar. Lekker warm en overal onder te dragen.']"
FIETSONDERSHIRT ESSENTIAL ZWART,"€9,99",https://contents.mediadecathlon.com/p2186982/k$4704a70918f9484687aeba7bb11087dc/sq/fietsondershirt-essential-zwart.jpg?format=auto&f=800x0,"['Voor die prijs, gewoon goed', 'Zowel in zeer warme en normale omstandigheden dit ondershirt gedragen.\nKan in zeer warme omstandigheden als enige laag gedragen worden']"
Thermoshirt voor skiën voor kinderen BL 500 1/2 rits blauw,"€14,99",https://contents.mediadecathlon.com/p2035790/k$dbb01350fd3406c8309cc8560b1c0d1f/sq/thermoshirt-voor-skien-voor-kinderen-bl-500-12-rits-blauw.jpg?format=auto&f=800x0,"['Mooi thermoshirt, ideaal voor op wintersport of buitensporten. Valt goed op maat.', 'Goed']"
Hardloopshirt voor heren winter Skincare lange mouwen rood ltd,"€17,99",https://contents.mediadecathlon.com/p2308910/k$afbc4963236005f1b91c8df9ff48682c/sq/hardloopshirt-voor-heren-winter-skincare-lange-mouwen-rood-ltd.jpg?format=auto&f=800x0,"['Ik zocht een fluoriserend geel hemd zoals dit, ofwel als windbrekende overlaag, ofwel als enkele zonwerende laag. In beide gevallen met de kleur als eis voor zichtbaarheid in een roeiboot of op een fiets.\n\nVoor het eerste doel heb ik dit nu een paar keer naar tevredenheid gebruikt. Het tweede zal nog even op zich laten wachten.\n\nDe ingewikkelde zones kunnen zowel een voor- als een nadeel zijn. Bovendien zijn ze kwetsbaarder. Doe mij maar één homogene stof.\n\nDat zou de prijs misschien ook flink kunnen reduceren. Die is opvallende hoog in vergelijking met de dikkere truien die ik onlangs voor 15 euro kocht.\n\nDeel van de prijs zit misschien ook in andere aspekten. Het is rondgebreid zonder zijnaden. Verder zitten er 2 rubberstrookjes onderaan de zijkanten, tegen opschuiven. Al zal dat niet zoveel nut hebben.\n\nOpvallend was dat er maar 1 exemplaar in de hele winkel was, wat ik toevallig tegenkwam. Het 2e exemplaar moest ik laten nabezorgen.', 'Erg goed shirt. Fijn als onderlaag bij erg koud weer. Ook fijn in de lente als enige laag. Ik heb lange armen maar dit is ook voor mij een prima shirt. De arm waar ik mijn horloge draag en mijn prestaties bijhoud zit iets opgestroopt en dat zit ook goed. Alles top dus!']"
Wielren thermoshirt heren Roadr 920 Extreme met lange mouwen zwart,"€38,99",https://contents.mediadecathlon.com/p1515063/k$54cedc425cceade23aacc5eb14e2b197/sq/wielren-thermoshirt-heren-roadr-920-extreme-met-lange-mouwen-zwart.jpg?format=auto&f=800x0,"['love to wear this stuff', 'Vandaag gaan fietsen met temperatuur rond het vriespunt, geen enkel moment kou gehad. Zeker een aanrader.']"
Thermoshirt voor skiën dames BL980 superademend blauw,"€49,99",https://contents.mediadecathlon.com/p2295432/k$00518a7c7441d40ba4cf2d511b6d965e/sq/thermoshirt-voor-skien-dames-bl980-superademend-blauw.jpg?format=auto&f=800x0,"['Super produit, très agréable à porter.', 'Très agréable à porter!']"
Thermoshirt kind lange mouwen Keepcomfort grijs,"€9,99",https://contents.mediadecathlon.com/p1681914/k$4bba22016fc47abe59a8b5ce9e0a5d47/sq/thermoshirt-kind-lange-mouwen-keepcomfort-grijs.jpg?format=auto&f=800x0,"['Mouwen in verhouding te smal. Knelt daardoor', 'Niet te klein bestellen\nMaar heel mooi product zéker voor de prijs']"
Mesh fietsondershirt voor dames warm weer wit,"€14,99",https://contents.mediadecathlon.com/p2465009/k$2f99b6e2e53ecec87927e083b38f4c7c/sq/mesh-fietsondershirt-voor-dames-warm-weer-wit.jpg?format=auto&f=800x0,[]
Rashguard MMA / Grappling 500,"€29,99",https://contents.mediadecathlon.com/p2190279/k$331b9832f59ff1bfee36a3487354c7e2/sq/rashguard-mma-grappling-500.jpg?format=auto&f=800x0,"['Past goed', ""Ik heb de rashguard een aantal weken in gebruik en tot nu toe houdt hij het goed uit. Komt netjes door een training heen en in de was krimpt hij niet. De stof voelt prettig aan, echt als een tweede huid.\n\nWel vind ik het jammer dat de decathlon geen rashguards voor dames heeft. Deze versie kruipt een beetje( paar cm) omhoog ( net als alle andere ''mannen'' rashguards die ik heb).\nNaast het omhoog kruipen vind ik het een prima rashguard voor zijn prijs!""]"
Heatkeeper thermo heren antraciet broek/shirt set,"€26,95",https://contents.mediadecathlon.com/m7807879/k$6b6087ee8fd913f7f39cd0a42004cf30/sq/heatkeeper-thermo-heren-antraciet-broekshirt-set.jpg?format=auto&f=800x0,['Uitstekende kwaliteit voor een redelijke prijs']
Heat Keeper Thermoshirt Lange Mouw Dames Premium Zwart Melange,"€19,95",https://contents.mediadecathlon.com/m4498359/k$8a20b2cfcc5a009eebb94d8bb20b769c/sq/heat-keeper-thermoshirt-lange-mouw-dames-premium-zwart-melange.jpg?format=auto&f=800x0,[]
Ademend shirt voor atletiek kinderen Skincare lange mouwen marineblauw,"€14,99",https://contents.mediadecathlon.com/p2309401/k$b3fca5c65f31d5b573e2be29d7dfe3f5/sq/ademend-shirt-voor-atletiek-kinderen-skincare-lange-mouwen-marineblauw.jpg?format=auto&f=800x0,"['Warm loopshirt, zit comfortabel, handig met uitsparing voor de duimen.', 'I like this top and so does my kid.']"
Fiets thermoshirt dames met lange mouwen 500 grijs,"€16,99",https://contents.mediadecathlon.com/p1231364/k$66eea37cc2dacc7e9e4c7c514d6d49da/sq/fiets-thermoshirt-dames-met-lange-mouwen-500-grijs.jpg?format=auto&f=800x0,"['Snelle verzending', 'Na een week wachten nog steeds niet ontvangen, ondanks de belofte om volgende dag te leveren.']"
Ademend hardloop T-shirt voor heren Skincare royal blue limited edition,"€19,99",https://contents.mediadecathlon.com/p2197046/k$d56379a3af823551cb32d09e2690076e/sq/ademend-hardloop-t-shirt-voor-heren-skincare-royal-blue-limited-edition.jpg?format=auto&f=800x0,"['Hetgeen ik op het oog had, ontbrak (maat).', 'Ideaal shirt voor crossfit']"
Heatkeeper thermo dames broek/shirt set zwart,"€33,95",https://contents.mediadecathlon.com/m8062079/k$611e4ff066dd082ad65eb541633f880c/sq/heatkeeper-thermo-dames-broekshirt-set-zwart.jpg?format=auto&f=800x0,"['fijne warme thermobroek ,doet wat het moet doen ,mijn benen warm houden']"
Mouwloos ondershirt voor basketbal volwassenen NBA Los Angeles Lakers UT500 zwart,"€19,99",https://contents.mediadecathlon.com/p2333393/k$75c9aba196a762be6910e8cda58e36a0/sq/mouwloos-ondershirt-voor-basketbal-volwassenen-nba-los-angeles-lakers-ut500-zwart.jpg?format=auto&f=800x0,"['Très bien mon fils est content de son cadeau', ""C'est pour offrir mais très satisfait""]"
Thermoshirt voor skiën dames BL 100 zwart,"€6,99",https://contents.mediadecathlon.com/p1691845/k$ea7ac2b43e3d08cb55754cd7a6d353aa/sq/thermoshirt-voor-skien-dames-bl-100-zwart.jpg?format=auto&f=800x0,['Zeer slechte product...na een week gooi ik het in de prullenbak']
Thermoshirt unisex Keepdry 500 korte mouwen zwart,"€14,99",https://contents.mediadecathlon.com/p2361487/k$87c1d2002df069255814fef191eedb82/sq/thermoshirt-unisex-keepdry-500-korte-mouwen-zwart.jpg?format=auto&f=800x0,"['Draagt heerlijk, ook in de winter als gewone thermo', 'Gewoon goed en goedkoop']"
Thermoshirt unisex Keepdry 500 met lange mouwen zwart,"€17,99",https://contents.mediadecathlon.com/p2362329/k$b3445432a77058e145d218813a0c8b34/sq/thermoshirt-unisex-keepdry-500-met-lange-mouwen-zwart.jpg?format=auto&f=800x0,"['Goed shirt', 'De thermos kleding zit precies goed! en houdt je goed warm. een top aankoop!']"
Thermoshirt kind | Thermokleding kind | Wedze 100 | Zwart,"€5,99",https://contents.mediadecathlon.com/p89687/k$95cdd18abb61c807c77c0139dbf39138/sq/thermoshirt-kind-thermokleding-kind-wedze-100-zwart.jpg?format=auto&f=800x0,"['Mouwen veel te kort. Retour', 'Tevreden']"
FIETSONDERSHIRT ESSENTIAL ZWART,"€10,99",https://contents.mediadecathlon.com/p2132988/k$89bc513deff2a531e2fa69212bf23c66/sq/fietsondershirt-essential-zwart.jpg?format=auto&f=800x0,"['Het is zoals verwacht', 'Ik overweeg er nog eentje aan te schaffen.']"
Wielren ondershirt Roadc 500 SM wit voor de zomer of indoor,"€15,99",https://contents.mediadecathlon.com/p2185868/k$36af0e0d53a7c68e53dcd04a6ad06c2b/sq/wielren-ondershirt-roadc-500-sm-wit-voor-de-zomer-of-indoor.jpg?format=auto&f=800x0,"['ok', 'heel blij ermee past heel goed']"
Herenthermoshirt voor skiën BL 100 zwart,"€6,99",https://contents.mediadecathlon.com/p1691723/k$76339ac8f2a8cdd63d1f1685646bd279/sq/herenthermoshirt-voor-skien-bl-100-zwart.jpg?format=auto&f=800x0,[]
Merino thermoshirt voor skiën heren 900 opstaande kraag marineblauw,"€54,99",https://contents.mediadecathlon.com/p2295528/k$fd4a31e7afb951b021fa049dbfefcfb8/sq/merino-thermoshirt-voor-skien-heren-900-opstaande-kraag-marineblauw.jpg?format=auto&f=800x0,"['Top', 'ik vind het geen fijn shirt, mouwinzet is veel te strak, zelf bij een grotere maat.\nTeruggestuurd en maat groter besteld, nog steeds geen fijne pasvorm, terwijl ik een slank postuur heb.']"
Thermoshirt kind Keepdry 500 lange mouwen wit,"€14,99",https://contents.mediadecathlon.com/p2321230/k$a48c527ffcea282d4f369b11317e2f23/sq/thermoshirt-kind-keepdry-500-lange-mouwen-wit.jpg?format=auto&f=800x0,"['Gelukkig eerst in een decathlon winkel gepast .\nDaar erachter gekomen dat deze wel erg klein uitvallen.\nVergelijking : Craft zweetshirt maat S , Decathlon maat L\n\nNu het shirt ; in 1 woord GEWELDIG\nRedelijk warm , goed ademend , iets minder vochtafvoer.\nPasvorm Goed', 'Gied shirt']"
ADEMEND HARDLOOPSHIRT VOOR DAMES KIPRUN SKINCARE ZWART,"€19,99",https://contents.mediadecathlon.com/p1764093/k$bd17333fb4ec4274fab06d61b2053782/sq/ademend-hardloopshirt-voor-dames-kiprun-skincare-zwart.jpg?format=auto&f=800x0,"['Ik ben erg tevreden over het Thermoshirt, Goede prijs/kwaliteit verhouding']"
Fiets ondershirt dames 500 zwart voor warm weer of indoor,"€14,99",https://contents.mediadecathlon.com/p1765117/k$be2ec019aaba384f7942af89ef55d7ce/sq/fiets-ondershirt-dames-500-zwart-voor-warm-weer-of-indoor.jpg?format=auto&f=800x0,"['Parfait et bonne taille', 'Bon produit!']"
Thermoshirt voor skiën voor dames 500 koraalrood,"€14,99",https://contents.mediadecathlon.com/p2041466/k$e466d5ac01806580dcce40cc1293c565/sq/thermoshirt-voor-skien-voor-dames-500-koraalrood.jpg?format=auto&f=800x0,"['Redelijk', 'ok']"
Wielren ondershirt voor fris weer,"€19,99",https://contents.mediadecathlon.com/p1625570/k$d818d6352d423bb07d92500565343a16/sq/wielren-ondershirt-voor-fris-weer.jpg?format=auto&f=800x0,['Doet wat het moet doen']
Mouwloos ondershirt voor basketbal kinderen NBA Los Angeles Lakers UT500 zwart,"€15,99",https://contents.mediadecathlon.com/p2331276/k$c1b375a1c675d3b4207667ef9132dbbf/sq/mouwloos-ondershirt-voor-basketbal-kinderen-nba-los-angeles-lakers-ut500-zwart.jpg?format=auto&f=800x0,"['Eigenlijk een ander shirt besteld, deze als vervanging. Prima service', 'Bonne qualité']"
Kinderthermoshirt voor skiën BL500 print parcours,"€7,99",https://contents.mediadecathlon.com/p2264918/k$2a75d8349534280e8d44b799aec7a5f9/sq/kinderthermoshirt-voor-skien-bl500-print-parcours.jpg?format=auto&f=800x0,[]
Heat Keeper Thermoset Dames Premium - Thermoshirt + Thermo Legging - Zwart,"€33,95",https://contents.mediadecathlon.com/m9019619/k$7bc8e1ec2b5971958805b67892aad18e/sq/heat-keeper-thermoset-dames-premium-thermoshirt-thermo-legging-zwart.jpg?format=auto&f=800x0,"['Mooie kleur, zit fijn en is lekker warm', 'Goede kwaliteit']"
Thermoshirt voor skiën dames 500 wit,"€14,99",https://contents.mediadecathlon.com/p1871274/k$21dc0c6b9ab6e8165b81a2e1fe640a07/sq/thermoshirt-voor-skien-dames-500-wit.jpg?format=auto&f=800x0,"['四件小童薄籃球衣服收在一中型紙箱內，打開後發現像一堆垃圾一樣，衣服被弄得皺成一團！\n質料 fitting 都如預期', 'Super']"
FIETSONDERSHIRT ESSENTIAL ZWART,"€9,99",https://contents.mediadecathlon.com/p2186982/k$4704a70918f9484687aeba7bb11087dc/sq/fietsondershirt-essential-zwart.jpg?format=auto&f=800x0,"['Das Shirt kommt sehr oft zum Einsatz und ist auch nach mehrmaligem Waschen noch wie neu. Tolle Qualität zu einem richtig tollen Preis! Mein Sohn liebt dieses Shirt!', 'Jetzt treibt mein Sohn fast täglich Basketball, weil das Shirt so super ist… werd wohl noch zwei-drei holen müssen… super zufrieden']"
Thermoshirt voor skiën voor kinderen BL 500 1/2 rits blauw,"€14,99",https://contents.mediadecathlon.com/p2035790/k$dbb01350fd3406c8309cc8560b1c0d1f/sq/thermoshirt-voor-skien-voor-kinderen-bl-500-12-rits-blauw.jpg?format=auto&f=800x0,[]
Hardloopshirt voor heren winter Skincare lange mouwen rood ltd,"€17,99",https://contents.mediadecathlon.com/p2308910/k$afbc4963236005f1b91c8df9ff48682c/sq/hardloopshirt-voor-heren-winter-skincare-lange-mouwen-rood-ltd.jpg?format=auto&f=800x0,[]
Wielren thermoshirt heren Roadr 920 Extreme met lange mouwen zwart,"€38,99",https://contents.mediadecathlon.com/p1515063/k$54cedc425cceade23aacc5eb14e2b197/sq/wielren-thermoshirt-heren-roadr-920-extreme-met-lange-mouwen-zwart.jpg?format=auto&f=800x0,"['Tshirt léger agréable au porté', 'trés satisfait : léger chaud même mouillé.utilisation ski de rando et ski de fond.en 1ere couche + seulement une autre couche coupe vent moyennement chaude (par -6°)']"
Thermoshirt voor skiën dames BL980 superademend blauw,"€49,99",https://contents.mediadecathlon.com/p2295432/k$00518a7c7441d40ba4cf2d511b6d965e/sq/thermoshirt-voor-skien-dames-bl980-superademend-blauw.jpg?format=auto&f=800x0,"['Warm!', 'Wat mindert wartm']"
Thermoshirt kind lange mouwen Keepcomfort grijs,"€9,99",https://contents.mediadecathlon.com/p1681914/k$4bba22016fc47abe59a8b5ce9e0a5d47/sq/thermoshirt-kind-lange-mouwen-keepcomfort-grijs.jpg?format=auto&f=800x0,[]
Mesh fietsondershirt voor dames warm weer wit,"€14,99",https://contents.mediadecathlon.com/p2465009/k$2f99b6e2e53ecec87927e083b38f4c7c/sq/mesh-fietsondershirt-voor-dames-warm-weer-wit.jpg?format=auto&f=800x0,"['Gemakkelijk digitaal te bestellen. Snel correct geleverd.', 'I wanted to buy but I need to know what my clothes are made of.']"
Rashguard MMA / Grappling 500,"€29,99",https://contents.mediadecathlon.com/p2190279/k$331b9832f59ff1bfee36a3487354c7e2/sq/rashguard-mma-grappling-500.jpg?format=auto&f=800x0,['Broek is van een slechte kwaliteit. De naad aan de bovenkant zat blijkbaar los. Na 1 keer aan doen valt de broek uit elkaar.']
Heatkeeper thermo heren antraciet broek/shirt set,"€26,95",https://contents.mediadecathlon.com/m7807879/k$6b6087ee8fd913f7f39cd0a42004cf30/sq/heatkeeper-thermo-heren-antraciet-broekshirt-set.jpg?format=auto&f=800x0,[]
Heat Keeper Thermoshirt Lange Mouw Dames Premium Zwart Melange,"€19,95",https://contents.mediadecathlon.com/m4498359/k$8a20b2cfcc5a009eebb94d8bb20b769c/sq/heat-keeper-thermoshirt-lange-mouw-dames-premium-zwart-melange.jpg?format=auto&f=800x0,[]
Ademend shirt voor atletiek kinderen Skincare lange mouwen marineblauw,"€14,99",https://contents.mediadecathlon.com/p2309401/k$b3fca5c65f31d5b573e2be29d7dfe3f5/sq/ademend-shirt-voor-atletiek-kinderen-skincare-lange-mouwen-marineblauw.jpg?format=auto&f=800x0,[]
Fiets thermoshirt dames met lange mouwen 500 grijs,"€16,99",https://contents.mediadecathlon.com/p1231364/k$66eea37cc2dacc7e9e4c7c514d6d49da/sq/fiets-thermoshirt-dames-met-lange-mouwen-500-grijs.jpg?format=auto&f=800x0,[]
Ademend hardloop T-shirt voor heren Skincare royal blue limited edition,"€19,99",https://contents.mediadecathlon.com/p2197046/k$d56379a3af823551cb32d09e2690076e/sq/ademend-hardloop-t-shirt-voor-heren-skincare-royal-blue-limited-edition.jpg?format=auto&f=800x0,[]
Heatkeeper thermo dames broek/shirt set zwart,"€33,95",https://contents.mediadecathlon.com/m8062079/k$611e4ff066dd082ad65eb541633f880c/sq/heatkeeper-thermo-dames-broekshirt-set-zwart.jpg?format=auto&f=800x0,[]
Mouwloos ondershirt voor basketbal volwassenen NBA Los Angeles Lakers UT500 zwart,"€19,99",https://contents.mediadecathlon.com/p2333393/k$75c9aba196a762be6910e8cda58e36a0/sq/mouwloos-ondershirt-voor-basketbal-volwassenen-nba-los-angeles-lakers-ut500-zwart.jpg?format=auto&f=800x0,"['Zit zeer goed, lekker warm. Aangenaam om dragen', 'top shirt']"
Heat Keeper Thermoshirt Lange Mouw Heren Premium Zwart Melange,"€19,95",https://contents.mediadecathlon.com/m4498307/k$0cefb78eb78fad44e0301e3220f826dc/sq/heat-keeper-thermoshirt-lange-mouw-heren-premium-zwart-melange.jpg?format=auto&f=800x0,[]
Ondershirt voor zeilen dames Race 500 grijs,"€19,99",https://contents.mediadecathlon.com/p1056550/k$239e1c948b87a2da1362a252327f1a5d/sq/ondershirt-voor-zeilen-dames-race-500-grijs.jpg?format=auto&f=800x0,"['Super kwaliteit', 'Blijft mooi in de was']"
Technisch langlaufondershirt voor dames XC S UW 900 blauw,"€29,99",https://contents.mediadecathlon.com/p2017249/k$522d50b1d57eaaacaa0be72c7e29f50d/sq/technisch-langlaufondershirt-voor-dames-xc-s-uw-900-blauw.jpg?format=auto&f=800x0,[]
Thermoshirt kind | Thermokleding kind | Wedze 100 | Wit,"€5,99",https://contents.mediadecathlon.com/p1861222/k$ad8c1d85f7c4d31dd00abd7fd422947d/sq/thermoshirt-kind-thermokleding-kind-wedze-100-wit.jpg?format=auto&f=800x0,"['Heel strak en fijn shirt. Bij warm weer is deze zeer geschikt.\nValt een beetje klein uit. Moet er een beetje aan wennen bij een activiteit.\nMaar het product voldoet.', 'Geen']"
Thermoshirt voor skiën heren BL 980 seamless blauw/grijs,"€49,99",https://contents.mediadecathlon.com/p2295475/k$1ae03f85bf2b69f5bfe16726148430c4/sq/thermoshirt-voor-skien-heren-bl-980-seamless-blauwgrijs.jpg?format=auto&f=800x0,[]
Thermoshirt voor skiën voor heren BL 500 marineblauw,"€14,99",https://contents.mediadecathlon.com/p1860724/k$68e5ef52a57b3f27bd7c1487af0b1af5/sq/thermoshirt-voor-skien-voor-heren-bl-500-marineblauw.jpg?format=auto&f=800x0,"['Veel te klein', 'Warm maar niet te .']"
In The Zone Dames Skiën Basislaag Set - Zwart,"€33,75",https://contents.mediadecathlon.com/m6781522/k$f315feaa4b4378ec31c05f0168d1ce05/sq/in-the-zone-dames-skien-basislaag-set-zwart.jpg?format=auto&f=800x0,[]
Ondershirt met lange mouwen voor sportief fietsen dames zwart,"€24,99",https://contents.mediadecathlon.com/p1884320/k$851ef5a64dded816c678e874a4ba3874/sq/ondershirt-met-lange-mouwen-voor-sportief-fietsen-dames-zwart.jpg?format=auto&f=800x0,[]
Fiets thermoshirt Training electric blue,"€17,99",https://contents.mediadecathlon.com/p2057774/k$2d8038ab2d467faf3c5e40d68bd6f09d/sq/fiets-thermoshirt-training-electric-blue.jpg?format=auto&f=800x0,"['Fijn shirt, heel comfortabel, ben er erg tevreden mee!']"
Heat Keeper Thermoshirt voor Heren,"€16,99",https://contents.mediadecathlon.com/m7717383/k$813d6e903ca3337313c53ef0db4ea2b8/sq/heat-keeper-thermoshirt-voor-heren.jpg?format=auto&f=800x0,"['2 dames sets besteld. Helaas was bij 1 set, het shirt voor heren..2 december besteld maar levering duurde langer dan verwacht, daarom geen tijd meer gehad om te retourneren en nieuwe te bestellen vóór kerst.', 'De maat Xl brioek valt erg klein. De pijpen zijn 15 cm te kort en de band bovenaan is 10 cm te laag. Ik ben 1.80 mr met een normaal postuur en dan zit hij waardeloos. Ik heb het doosje helaas al weggegooid, anders was hij retour gegaan.']"
Thermoshirt voor langlaufen heren XC S UW 900 grijs,"€29,99",https://contents.mediadecathlon.com/p2017266/k$1f181afaf4c86e28da8a45f0233b3c9a/sq/thermoshirt-voor-langlaufen-heren-xc-s-uw-900-grijs.jpg?format=auto&f=800x0,[]
Ondershirt voor zeilen voor heren Race 500 zwart,"€24,99",https://contents.mediadecathlon.com/p1587230/k$e2f47dbc235cd4b5db3ac35cb189f76c/sq/ondershirt-voor-zeilen-voor-heren-race-500-zwart.jpg?format=auto&f=800x0,[]
Heatkeeper thermoshirt dames zwart,"€21,99",https://contents.mediadecathlon.com/m7717431/k$4d8272ecc9ee26cdf40f1e8f6bd372f8/sq/heatkeeper-thermoshirt-dames-zwart.jpg?format=auto&f=800x0,[]
Thermoshirt voor skiën voor kinderen BL 580 I-Soft seamless zandblauw,"€21,99",https://contents.mediadecathlon.com/p2264903/k$e22fe4e7d1976c4c8296ad44b717deb1/sq/thermoshirt-voor-skien-voor-kinderen-bl-580-i-soft-seamless-zandblauw.jpg?format=auto&f=800x0,[]
Heatkeeper thermo premium heren shirt 2-PACK,"€33,99",https://contents.mediadecathlon.com/m8858610/k$dec06aee9ff242857d83dda9da98dee2/sq/heatkeeper-thermo-premium-heren-shirt-2-pack.jpg?format=auto&f=800x0,[]
Thermoshirt voor skiën voor dames BL 500 1/2 rits paars,"€18,99",https://contents.mediadecathlon.com/p2041431/k$ba5a505fc6c68bcba6a5bfc76fd49109/sq/thermoshirt-voor-skien-voor-dames-bl-500-12-rits-paars.jpg?format=auto&f=800x0,"['Het is zoals verwacht', 'Ik overweeg er nog eentje aan te schaffen.']"
Ondershirt voor basketbal voor kinderen UT500 NBA Los Angeles Lakers zwart,"€19,99",https://contents.mediadecathlon.com/p2333276/k$95c35e386f409fb893efd495e48a6835/sq/ondershirt-voor-basketbal-voor-kinderen-ut500-nba-los-angeles-lakers-zwart.jpg?format=auto&f=800x0,[]
Ondershirt voor basketbal heren/dames NBA Los Angeles Lakers UT500 zwart,"€24,99",https://contents.mediadecathlon.com/p2422360/k$5712bb72393e89d7e91fbf1b823743d8/sq/ondershirt-voor-basketbal-herendames-nba-los-angeles-lakers-ut500-zwart.jpg?format=auto&f=800x0,[]
Ondershirt - Korte Mouwen Heren - Kite,"€27,95",https://contents.mediadecathlon.com/m11542522/k$c31e71fbbe3ddce159860efdc148fb99/sq/ondershirt-korte-mouwen-heren-kite.jpg?format=auto&f=800x0,[]
Heatkeeper broek/shirt pack kinderen antraciet,"€24,95",https://contents.mediadecathlon.com/m8061912/k$1cbf462d52bca4c0525cda7e72d7aa06/sq/heatkeeper-broekshirt-pack-kinderen-antraciet.jpg?format=auto&f=800x0,[]
Ondershirt met lange mouwen en ronde hals,"€24,99",https://contents.mediadecathlon.com/p2290201/k$69e83e15d6bbce55d39ffe897e7c1f52/sq/ondershirt-met-lange-mouwen-en-ronde-hals.jpg?format=auto&f=800x0,[]
Thermoshirt voor skiën heren seamless BL 580 I-Soft zwart/blauw,"€27,99",https://contents.mediadecathlon.com/p1508832/k$44dfd0a924094f0a566f237838a2f959/sq/thermoshirt-voor-skien-heren-seamless-bl-580-i-soft-zwartblauw.jpg?format=auto&f=800x0,[]
Heatkeeper thermo premium heren shirt 4-PACK,"€69,95",https://contents.mediadecathlon.com/m10082447/k$479541e9dd14f555239426572c19650c/sq/heatkeeper-thermo-premium-heren-shirt-4-pack.jpg?format=auto&f=800x0,['Thermo ondergoed zit erg lekker en warm']
Heatkeeper Thermoset Heren Comfort - Thermoshirt + Thermo Legging - Antraciet,"€26,95",https://contents.mediadecathlon.com/m6465664/k$24dd416251ff2b07f92b146531c03f56/sq/heatkeeper-thermoset-heren-comfort-thermoshirt-thermo-legging-antraciet.jpg?format=auto&f=800x0,[]
Heat Keeper Thermoset Heren Premium - Thermoshirt + Thermo Legging - Zwart,"€33,95",https://contents.mediadecathlon.com/m4498335/k$fe5e91a4f457f03eca1a3ef9c964ad13/sq/heat-keeper-thermoset-heren-premium-thermoshirt-thermo-legging-zwart.jpg?format=auto&f=800x0,[]
Dames merinowol fiets ondershirt SRX Pro Team,"€49,00",https://contents.mediadecathlon.com/m11908893/k$ac276f8d3988560333334b902154d81b/sq/dames-merinowol-fiets-ondershirt-srx-pro-team.jpg?format=auto&f=800x0,[]
Thermisch ondershirt heren Slush Turquoise,"€29,00",https://contents.mediadecathlon.com/m10402027/k$5dd3e3a9343634610c8399a96a541f80/sq/thermisch-ondershirt-heren-slush-turquoise.jpg?format=auto&f=800x0,"['Beau produit,agreable à porter', 'Très bien acheté en promo à un super prix ça vaut le coup !']"
Heatkeeper thermo shirt kinderen 2-pack,"€26,95",https://contents.mediadecathlon.com/m8859273/k$473f1fb5161136c23ee52221b31609ef/sq/heatkeeper-thermo-shirt-kinderen-2-pack.jpg?format=auto&f=800x0,[]
Heatkeeper thermo techno dames shirt 4-pack,"€69,95",https://contents.mediadecathlon.com/m10082652/k$72111718191be33013adc42772e7c6a3/sq/heatkeeper-thermo-techno-dames-shirt-4-pack.jpg?format=auto&f=800x0,"['四件小童薄籃球衣服收在一中型紙箱內，打開後發現像一堆垃圾一樣，衣服被弄得皺成一團！\n質料 fitting 都如預期', 'Super']"
Heat Keeper Thermoshirt Lange Mouw Dames Premium 4-pack Zwart Melange,"€59,95",https://contents.mediadecathlon.com/m4498411/k$faea1481e89af4608a5c2d761cddbf3d/sq/heat-keeper-thermoshirt-lange-mouw-dames-premium-4-pack-zwart-melange.jpg?format=auto&f=800x0,[]
Heren merinowol fiets ondershirt SRX Convex,"€40,00",https://contents.mediadecathlon.com/m11908952/k$a78737034c81fd64b24af359240cebbd/sq/heren-merinowol-fiets-ondershirt-srx-convex.jpg?format=auto&f=800x0,[]
Merino thermoshirt voor skiën dames BL900 opstaande kraag paars,"€54,99",https://contents.mediadecathlon.com/p2303161/k$821fcdfbb009c5d5b9b07ad1fb8e39ed/sq/merino-thermoshirt-voor-skien-dames-bl900-opstaande-kraag-paars.jpg?format=auto&f=800x0,[]
Thermoshirt voor skiën dames BL 100 zwart,"€6,99",https://contents.mediadecathlon.com/p1691845/k$ea7ac2b43e3d08cb55754cd7a6d353aa/sq/thermoshirt-voor-skien-dames-bl-100-zwart.jpg?format=auto&f=800x0,[]
Thermoshirt unisex Keepdry 500 korte mouwen zwart,"€14,99",https://contents.mediadecathlon.com/p2361487/k$87c1d2002df069255814fef191eedb82/sq/thermoshirt-unisex-keepdry-500-korte-mouwen-zwart.jpg?format=auto&f=800x0,[]
Thermoshirt unisex Keepdry 500 met lange mouwen zwart,"€17,99",https://contents.mediadecathlon.com/p2362329/k$b3445432a77058e145d218813a0c8b34/sq/thermoshirt-unisex-keepdry-500-met-lange-mouwen-zwart.jpg?format=auto&f=800x0,[]
Thermoshirt kind | Thermokleding kind | Wedze 100 | Zwart,"€5,99",https://contents.mediadecathlon.com/p89687/k$95cdd18abb61c807c77c0139dbf39138/sq/thermoshirt-kind-thermokleding-kind-wedze-100-zwart.jpg?format=auto&f=800x0,"['Ademt volgens mij totaal niet.\n2 dagen lapland 2 soorten ondergoed. Dit shirt was na 5 minuten nat onder oksels.\nDe andere set die ik had (leger materiaal) heeft dit helemaal niet.', 'Very warm and comfortable top for everyday use during the winter.']"
FIETSONDERSHIRT ESSENTIAL ZWART,"€10,99",https://contents.mediadecathlon.com/p2132988/k$89bc513deff2a531e2fa69212bf23c66/sq/fietsondershirt-essential-zwart.jpg?format=auto&f=800x0,[]
Wielren ondershirt Roadc 500 SM wit voor de zomer of indoor,"€15,99",https://contents.mediadecathlon.com/p2185868/k$36af0e0d53a7c68e53dcd04a6ad06c2b/sq/wielren-ondershirt-roadc-500-sm-wit-voor-de-zomer-of-indoor.jpg?format=auto&f=800x0,[]
Herenthermoshirt voor skiën BL 100 zwart,"€6,99",https://contents.mediadecathlon.com/p1691723/k$76339ac8f2a8cdd63d1f1685646bd279/sq/herenthermoshirt-voor-skien-bl-100-zwart.jpg?format=auto&f=800x0,[]
Merino thermoshirt voor skiën heren 900 opstaande kraag marineblauw,"€54,99",https://contents.mediadecathlon.com/p2295528/k$fd4a31e7afb951b021fa049dbfefcfb8/sq/merino-thermoshirt-voor-skien-heren-900-opstaande-kraag-marineblauw.jpg?format=auto&f=800x0,[]
Thermoshirt kind Keepdry 500 lange mouwen wit,"€14,99",https://contents.mediadecathlon.com/p2321230/k$a48c527ffcea282d4f369b11317e2f23/sq/thermoshirt-kind-keepdry-500-lange-mouwen-wit.jpg?format=auto&f=800x0,[]
ADEMEND HARDLOOPSHIRT VOOR DAMES KIPRUN SKINCARE ZWART,"€19,99",https://contents.mediadecathlon.com/p1764093/k$bd17333fb4ec4274fab06d61b2053782/sq/ademend-hardloopshirt-voor-dames-kiprun-skincare-zwart.jpg?format=auto&f=800x0,[]
Fiets ondershirt dames 500 zwart voor warm weer of indoor,"€14,99",https://contents.mediadecathlon.com/p1765117/k$be2ec019aaba384f7942af89ef55d7ce/sq/fiets-ondershirt-dames-500-zwart-voor-warm-weer-of-indoor.jpg?format=auto&f=800x0,[]
Thermoshirt voor skiën voor dames 500 koraalrood,"€14,99",https://contents.mediadecathlon.com/p2041466/k$e466d5ac01806580dcce40cc1293c565/sq/thermoshirt-voor-skien-voor-dames-500-koraalrood.jpg?format=auto&f=800x0,[]
Wielren ondershirt voor fris weer,"€19,99",https://contents.mediadecathlon.com/p1625570/k$d818d6352d423bb07d92500565343a16/sq/wielren-ondershirt-voor-fris-weer.jpg?format=auto&f=800x0,[]
Mouwloos ondershirt voor basketbal kinderen NBA Los Angeles Lakers UT500 zwart,"€15,99",https://contents.mediadecathlon.com/p2331276/k$c1b375a1c675d3b4207667ef9132dbbf/sq/mouwloos-ondershirt-voor-basketbal-kinderen-nba-los-angeles-lakers-ut500-zwart.jpg?format=auto&f=800x0,[]
Kinderthermoshirt voor skiën BL500 print parcours,"€7,99",https://contents.mediadecathlon.com/p2264918/k$2a75d8349534280e8d44b799aec7a5f9/sq/kinderthermoshirt-voor-skien-bl500-print-parcours.jpg?format=auto&f=800x0,[]
Heat Keeper Thermoset Dames Premium - Thermoshirt + Thermo Legging - Zwart,"€33,95",https://contents.mediadecathlon.com/m9019619/k$7bc8e1ec2b5971958805b67892aad18e/sq/heat-keeper-thermoset-dames-premium-thermoshirt-thermo-legging-zwart.jpg?format=auto&f=800x0,"['Te dun om n thermoshirt te zijn in Hollandse temperaturen. Houd geen warmte vast, geeft ook geen warmte', '.']"
Thermoshirt voor skiën dames 500 wit,"€14,99",https://contents.mediadecathlon.com/p1871274/k$21dc0c6b9ab6e8165b81a2e1fe640a07/sq/thermoshirt-voor-skien-dames-500-wit.jpg?format=auto&f=800x0,"['Mooi shirt en zit goed', 'Mooi ski pully. Lekker warm en toch ga je er niet in zweten. Enige kanttekening is dat de kraag iets hoger mag zijn']"
FIETSONDERSHIRT ESSENTIAL ZWART,"€9,99",https://contents.mediadecathlon.com/p2186982/k$4704a70918f9484687aeba7bb11087dc/sq/fietsondershirt-essential-zwart.jpg?format=auto&f=800x0,"['These are so warm and reasonable, great for rugby', 'Bien']"
Thermoshirt voor skiën voor kinderen BL 500 1/2 rits blauw,"€14,99",https://contents.mediadecathlon.com/p2035790/k$dbb01350fd3406c8309cc8560b1c0d1f/sq/thermoshirt-voor-skien-voor-kinderen-bl-500-12-rits-blauw.jpg?format=auto&f=800x0,"['Heerlijk zacht warm shirt, viel redelijk ruim en lang. Dus na de wintersport aan mijn zoon gegeven en die is er heel blij mee voor t sporten.']"
Hardloopshirt voor heren winter Skincare lange mouwen rood ltd,"€17,99",https://contents.mediadecathlon.com/p2308910/k$afbc4963236005f1b91c8df9ff48682c/sq/hardloopshirt-voor-heren-winter-skincare-lange-mouwen-rood-ltd.jpg?format=auto&f=800x0,[]
Wielren thermoshirt heren Roadr 920 Extreme met lange mouwen zwart,"€38,99",https://contents.mediadecathlon.com/p1515063/k$54cedc425cceade23aacc5eb14e2b197/sq/wielren-thermoshirt-heren-roadr-920-extreme-met-lange-mouwen-zwart.jpg?format=auto&f=800x0,"['Great product.', 'Fitted as expected and comfy like the colour and feeling of the material']"
Thermoshirt voor skiën dames BL980 superademend blauw,"€49,99",https://contents.mediadecathlon.com/p2295432/k$00518a7c7441d40ba4cf2d511b6d965e/sq/thermoshirt-voor-skien-dames-bl980-superademend-blauw.jpg?format=auto&f=800x0,"['Amazing fit and warmth for my daughter riding.', 'léger et chaud']"
Thermoshirt kind lange mouwen Keepcomfort grijs,"€9,99",https://contents.mediadecathlon.com/p1681914/k$4bba22016fc47abe59a8b5ce9e0a5d47/sq/thermoshirt-kind-lange-mouwen-keepcomfort-grijs.jpg?format=auto&f=800x0,[]
Mesh fietsondershirt voor dames warm weer wit,"€14,99",https://contents.mediadecathlon.com/p2465009/k$2f99b6e2e53ecec87927e083b38f4c7c/sq/mesh-fietsondershirt-voor-dames-warm-weer-wit.jpg?format=auto&f=800x0,[]
Rashguard MMA / Grappling 500,"€29,99",https://contents.mediadecathlon.com/p2190279/k$331b9832f59ff1bfee36a3487354c7e2/sq/rashguard-mma-grappling-500.jpg?format=auto&f=800x0,[]
Heatkeeper thermo heren antraciet broek/shirt set,"€26,95",https://contents.mediadecathlon.com/m7807879/k$6b6087ee8fd913f7f39cd0a42004cf30/sq/heatkeeper-thermo-heren-antraciet-broekshirt-set.jpg?format=auto&f=800x0,[]
Heat Keeper Thermoshirt Lange Mouw Dames Premium Zwart Melange,"€19,95",https://contents.mediadecathlon.com/m4498344/k$d8ea21c8e24b447f67b4932c612f6f81/sq/heat-keeper-thermoshirt-lange-mouw-dames-premium-zwart-melange.jpg?format=auto&f=800x0,[]
Ademend shirt voor atletiek kinderen Skincare lange mouwen marineblauw,"€14,99",https://contents.mediadecathlon.com/p2309401/k$b3fca5c65f31d5b573e2be29d7dfe3f5/sq/ademend-shirt-voor-atletiek-kinderen-skincare-lange-mouwen-marineblauw.jpg?format=auto&f=800x0,[]
Fiets thermoshirt dames met lange mouwen 500 grijs,"€16,99",https://contents.mediadecathlon.com/p1231364/k$66eea37cc2dacc7e9e4c7c514d6d49da/sq/fiets-thermoshirt-dames-met-lange-mouwen-500-grijs.jpg?format=auto&f=800x0,[]
Ademend hardloop T-shirt voor heren Skincare royal blue limited edition,"€19,99",https://contents.mediadecathlon.com/p2197046/k$d56379a3af823551cb32d09e2690076e/sq/ademend-hardloop-t-shirt-voor-heren-skincare-royal-blue-limited-edition.jpg?format=auto&f=800x0,[]
Heatkeeper thermo dames broek/shirt set zwart,"€33,95",https://contents.mediadecathlon.com/m8061921/k$389fbacdcce74a3aa5082c773b41307b/sq/heatkeeper-thermo-dames-broekshirt-set-zwart.jpg?format=auto&f=800x0,[]
Mouwloos ondershirt voor basketbal volwassenen NBA Los Angeles Lakers UT500 zwart,"€19,99",https://contents.mediadecathlon.com/p2333393/k$75c9aba196a762be6910e8cda58e36a0/sq/mouwloos-ondershirt-voor-basketbal-volwassenen-nba-los-angeles-lakers-ut500-zwart.jpg?format=auto&f=800x0,[]
Heat Keeper Thermoshirt Lange Mouw Heren Premium Zwart Melange,"€19,95",https://contents.mediadecathlon.com/m4498384/k$0c528b2d0faf081324955999135e0aa1/sq/heat-keeper-thermoshirt-lange-mouw-heren-premium-zwart-melange.jpg?format=auto&f=800x0,[]
Ondershirt voor zeilen dames Race 500 grijs,"€19,99",https://contents.mediadecathlon.com/p1056550/k$239e1c948b87a2da1362a252327f1a5d/sq/ondershirt-voor-zeilen-dames-race-500-grijs.jpg?format=auto&f=800x0,[]
Technisch langlaufondershirt voor dames XC S UW 900 blauw,"€29,99",https://contents.mediadecathlon.com/p2017249/k$522d50b1d57eaaacaa0be72c7e29f50d/sq/technisch-langlaufondershirt-voor-dames-xc-s-uw-900-blauw.jpg?format=auto&f=800x0,"['Goed thermo shirt, perfecte pasvorm en isoleert goed !!']"
Thermoshirt kind | Thermokleding kind | Wedze 100 | Wit,"€5,99",https://contents.mediadecathlon.com/p1861222/k$ad8c1d85f7c4d31dd00abd7fd422947d/sq/thermoshirt-kind-thermokleding-kind-wedze-100-wit.jpg?format=auto&f=800x0,"['Prijs / kwaliteit tevreden.', 'Heel fijn thermoshirt. Goede kwaliteit vooreen leuke prijs.']"
Thermoshirt voor skiën heren BL 980 seamless blauw/grijs,"€49,99",https://contents.mediadecathlon.com/p2295475/k$1ae03f85bf2b69f5bfe16726148430c4/sq/thermoshirt-voor-skien-heren-bl-980-seamless-blauwgrijs.jpg?format=auto&f=800x0,[]
Thermoshirt voor skiën voor heren BL 500 marineblauw,"€14,99",https://contents.mediadecathlon.com/p1860724/k$68e5ef52a57b3f27bd7c1487af0b1af5/sq/thermoshirt-voor-skien-voor-heren-bl-500-marineblauw.jpg?format=auto&f=800x0,[]
In The Zone Dames Skiën Basislaag Set - Zwart,"€33,75",https://contents.mediadecathlon.com/m6781522/k$f315feaa4b4378ec31c05f0168d1ce05/sq/in-the-zone-dames-skien-basislaag-set-zwart.jpg?format=auto&f=800x0,"['Ich spiele kein Rugby, aber auf der Suche nach einem geeignetn Funktionsshirt.\nSuper passform...\nDie Weiterleitung der Feuchtigkeit war nur bedingt nachvollziehbar. Bei den kalten Luftzügen war der Schweiß ziemlich spürbar. Bei einem empfindlichen Rücken ist das kontraproduktiv.', 'Passt super']"
Ondershirt met lange mouwen voor sportief fietsen dames zwart,"€24,99",https://contents.mediadecathlon.com/p1884320/k$851ef5a64dded816c678e874a4ba3874/sq/ondershirt-met-lange-mouwen-voor-sportief-fietsen-dames-zwart.jpg?format=auto&f=800x0,[]
Fiets thermoshirt Training electric blue,"€17,99",https://contents.mediadecathlon.com/p2057774/k$2d8038ab2d467faf3c5e40d68bd6f09d/sq/fiets-thermoshirt-training-electric-blue.jpg?format=auto&f=800x0,"['Draagt fijn en is goed voor het opnemen van zweet, comfortabel dus!']"
Heat Keeper Thermoshirt voor Heren,"€16,99",https://contents.mediadecathlon.com/m7717383/k$813d6e903ca3337313c53ef0db4ea2b8/sq/heat-keeper-thermoshirt-voor-heren.jpg?format=auto&f=800x0,[]
Thermoshirt voor langlaufen heren XC S UW 900 grijs,"€29,99",https://contents.mediadecathlon.com/p2017266/k$1f181afaf4c86e28da8a45f0233b3c9a/sq/thermoshirt-voor-langlaufen-heren-xc-s-uw-900-grijs.jpg?format=auto&f=800x0,[]
Ondershirt voor zeilen voor heren Race 500 zwart,"€24,99",https://contents.mediadecathlon.com/p1587230/k$e2f47dbc235cd4b5db3ac35cb189f76c/sq/ondershirt-voor-zeilen-voor-heren-race-500-zwart.jpg?format=auto&f=800x0,[]
Heatkeeper thermoshirt dames zwart,"€21,99",https://contents.mediadecathlon.com/m7717431/k$4d8272ecc9ee26cdf40f1e8f6bd372f8/sq/heatkeeper-thermoshirt-dames-zwart.jpg?format=auto&f=800x0,[]
Thermoshirt voor skiën voor kinderen BL 580 I-Soft seamless zandblauw,"€21,99",https://contents.mediadecathlon.com/p2264903/k$e22fe4e7d1976c4c8296ad44b717deb1/sq/thermoshirt-voor-skien-voor-kinderen-bl-580-i-soft-seamless-zandblauw.jpg?format=auto&f=800x0,[]
Heatkeeper thermo premium heren shirt 2-PACK,"€33,99",https://contents.mediadecathlon.com/m8858610/k$dec06aee9ff242857d83dda9da98dee2/sq/heatkeeper-thermo-premium-heren-shirt-2-pack.jpg?format=auto&f=800x0,[]
Thermoshirt voor skiën voor dames BL 500 1/2 rits paars,"€18,99",https://contents.mediadecathlon.com/p2041431/k$ba5a505fc6c68bcba6a5bfc76fd49109/sq/thermoshirt-voor-skien-voor-dames-bl-500-12-rits-paars.jpg?format=auto&f=800x0,[]
Ondershirt voor basketbal voor kinderen UT500 NBA Los Angeles Lakers zwart,"€19,99",https://contents.mediadecathlon.com/p2333276/k$95c35e386f409fb893efd495e48a6835/sq/ondershirt-voor-basketbal-voor-kinderen-ut500-nba-los-angeles-lakers-zwart.jpg?format=auto&f=800x0,[]
Ondershirt voor basketbal heren/dames NBA Los Angeles Lakers UT500 zwart,"€24,99",https://contents.mediadecathlon.com/p2422360/k$5712bb72393e89d7e91fbf1b823743d8/sq/ondershirt-voor-basketbal-herendames-nba-los-angeles-lakers-ut500-zwart.jpg?format=auto&f=800x0,[]
Ondershirt - Korte Mouwen Heren - Kite,"€27,95",https://contents.mediadecathlon.com/m11542522/k$c31e71fbbe3ddce159860efdc148fb99/sq/ondershirt-korte-mouwen-heren-kite.jpg?format=auto&f=800x0,[]
Heatkeeper broek/shirt pack kinderen antraciet,"€24,95",https://contents.mediadecathlon.com/m8061912/k$1cbf462d52bca4c0525cda7e72d7aa06/sq/heatkeeper-broekshirt-pack-kinderen-antraciet.jpg?format=auto&f=800x0,[]
Ondershirt met lange mouwen en ronde hals,"€24,99",https://contents.mediadecathlon.com/p2290201/k$69e83e15d6bbce55d39ffe897e7c1f52/sq/ondershirt-met-lange-mouwen-en-ronde-hals.jpg?format=auto&f=800x0,[]
Thermoshirt voor skiën heren seamless BL 580 I-Soft zwart/blauw,"€27,99",https://contents.mediadecathlon.com/p1508832/k$44dfd0a924094f0a566f237838a2f959/sq/thermoshirt-voor-skien-heren-seamless-bl-580-i-soft-zwartblauw.jpg?format=auto&f=800x0,[]
Heatkeeper thermo premium heren shirt 4-PACK,"€69,95",https://contents.mediadecathlon.com/m10082447/k$479541e9dd14f555239426572c19650c/sq/heatkeeper-thermo-premium-heren-shirt-4-pack.jpg?format=auto&f=800x0,[]
Heatkeeper Thermoset Heren Comfort - Thermoshirt + Thermo Legging - Antraciet,"€26,95",https://contents.mediadecathlon.com/m6465664/k$24dd416251ff2b07f92b146531c03f56/sq/heatkeeper-thermoset-heren-comfort-thermoshirt-thermo-legging-antraciet.jpg?format=auto&f=800x0,[]
Heat Keeper Thermoset Heren Premium - Thermoshirt + Thermo Legging - Zwart,"€33,95",https://contents.mediadecathlon.com/m4498335/k$fe5e91a4f457f03eca1a3ef9c964ad13/sq/heat-keeper-thermoset-heren-premium-thermoshirt-thermo-legging-zwart.jpg?format=auto&f=800x0,[]
Dames merinowol fiets ondershirt SRX Pro Team,"€49,00",https://contents.mediadecathlon.com/m11908893/k$ac276f8d3988560333334b902154d81b/sq/dames-merinowol-fiets-ondershirt-srx-pro-team.jpg?format=auto&f=800x0,[]
Thermisch ondershirt heren Slush Turquoise,"€29,00",https://contents.mediadecathlon.com/m10402027/k$5dd3e3a9343634610c8399a96a541f80/sq/thermisch-ondershirt-heren-slush-turquoise.jpg?format=auto&f=800x0,[]
Heatkeeper thermo shirt kinderen 2-pack,"€26,95",https://contents.mediadecathlon.com/m8859273/k$473f1fb5161136c23ee52221b31609ef/sq/heatkeeper-thermo-shirt-kinderen-2-pack.jpg?format=auto&f=800x0,[]
Heatkeeper thermo techno dames shirt 4-pack,"€69,95",https://contents.mediadecathlon.com/m10082652/k$72111718191be33013adc42772e7c6a3/sq/heatkeeper-thermo-techno-dames-shirt-4-pack.jpg?format=auto&f=800x0,"['Het hemd past buitengewoon goed, zeer nauw om het bovenlichaam. Prima. Ik heb vandaag, 14 december gefietst met 0 graden. Het hemd is iets minder warm dan ik had gehoopt. Ik had verder een shirt met lange mouwen en een winterjack aan. Het ging net.', 'Prima shirt, draag een k graag nu de herfst weer in ingetreden!']"
Heat Keeper Thermoshirt Lange Mouw Dames Premium 4-pack Zwart Melange,"€59,95",https://contents.mediadecathlon.com/m4498411/k$faea1481e89af4608a5c2d761cddbf3d/sq/heat-keeper-thermoshirt-lange-mouw-dames-premium-4-pack-zwart-melange.jpg?format=auto&f=800x0,"['.', 'Kan niet zonder deze beauty..!!']"
Heren merinowol fiets ondershirt SRX Convex,"€40,00",https://contents.mediadecathlon.com/m11908952/k$a78737034c81fd64b24af359240cebbd/sq/heren-merinowol-fiets-ondershirt-srx-convex.jpg?format=auto&f=800x0,"['Gemakkelijk zittend shirt met lange mouwen, past bij iedere ski-outfit en voelt aangenaam en warm', 'Is een heel goed termisch blouse daar zweet je niet in en zit super goed precies een tweede huid']"
Merino thermoshirt voor skiën dames BL900 opstaande kraag paars,"€54,99",https://contents.mediadecathlon.com/p2303161/k$821fcdfbb009c5d5b9b07ad1fb8e39ed/sq/merino-thermoshirt-voor-skien-dames-bl900-opstaande-kraag-paars.jpg?format=auto&f=800x0,"['Het is wel warm, maar niet wanneer het ver onder nul is. Ik heb een merkloos idem dito shirt en eigenlijk precies het zelfde qua kleur en warmte.']"
Thermisch ondershirt dames Slush-W Turquoise - Turquoise,"€29,00",https://contents.mediadecathlon.com/m10440082/k$d4df915cb0e3f9caae5b324e06debaa3/sq/thermisch-ondershirt-dames-slush-w-turquoise-turquoise.jpg?format=auto&f=800x0,"[""Tee shirt livré très rapidement dans le magasin de mon choix. Parfait s'agissant de la taille, de la coupe et de la matière mais décevant au niveau de la couleur. Je m''attendais à du rose poudré. En réalité la couleur se rapproche plutôt du rose saumoné donc beaucoup plus soutenue et plus orangé que rosé. Je le porterai quand même mais la couleur de la photo n'est pas vraiment représentative de la réalité. Rapport qualité /prix très correct."", 'ottimo rapporto qualità prezzo']"
Thermoshirt voor skiën heren BL 500 wit,"€14,99",https://contents.mediadecathlon.com/p1860761/k$e8faa9739bbcb44f3f395a99ac3e1708/sq/thermoshirt-voor-skien-heren-bl-500-wit.jpg?format=auto&f=800x0,"['Op advies van een vriendin gekocht.\nHij doet echt wel zn werk als je gaat bewegen om het zweet af te voeren en je warm te houden, dus hij wordt niet heel zweterig, maar als je niks erover heen draagt voel ik mijn warmte ontsnappen en tocht op mijn huid komen(ademt dus zeker). Na mijn lange wandeling en nog een vestje erover krijg ik het erg koud op mijn huidoppervlak, misschien is het té afdemend? Ik koel er teveel van af, dus ik breng hem terug helaas.', 'neem een maatje groter want valt erg klein']"
Mouwloos Ondershirt Heren - Kite,"€21,95",https://contents.mediadecathlon.com/m8831286/k$170608ffbde97e001b44c13fe1e31eed/sq/mouwloos-ondershirt-heren-kite.jpg?format=auto&f=800x0,"['Nvt', 'Heerlijk warm.en past goed']"
Wielren ondershirt heren Roadc 900 SM Ultralight voor in de zomer of indoor,"€19,99",https://contents.mediadecathlon.com/p1799896/k$66a2e31f2e001177544fee1b1cd9f046/sq/wielren-ondershirt-heren-roadc-900-sm-ultralight-voor-in-de-zomer-of-indoor.jpg?format=auto&f=800x0,"['Xxx', '.']"
Heatkeeper thermo heren broek/shirt set zwart,"€33,95",https://contents.mediadecathlon.com/m8062092/k$93298e083a33dd188523b425d90ec330/sq/heatkeeper-thermo-heren-broekshirt-set-zwart.jpg?format=auto&f=800x0,"['inmiddels de 2e gekocht', 'Prima product voor een goede prijs.']"
Heat Keeper Thermoshirt Lange Mouw Heren Premium 4-pack Zwart Melange,"€59,95",https://contents.mediadecathlon.com/m4498392/k$b851940ab1e26bb22cb1dc0c8d4215f5/sq/heat-keeper-thermoshirt-lange-mouw-heren-premium-4-pack-zwart-melange.jpg?format=auto&f=800x0,"['Amazing fleece tshirt', 'Awesome tshirt. You feel yourself more fit than ever after wearing it even if your fitness is not upto the mark. Very comfortable and good fit.']"
Heatkeeper broek/shirt pack kinderen antraciet,"€24,95",https://contents.mediadecathlon.com/m8061912/k$1cbf462d52bca4c0525cda7e72d7aa06/sq/heatkeeper-broekshirt-pack-kinderen-antraciet.jpg?format=auto&f=800x0,[]
In Demand fitness basislaagset met lange mouwen voor dames,"€33,75",https://contents.mediadecathlon.com/m8542344/k$31f4c076456b9d93a1404c834e3f7b56/sq/in-demand-fitness-basislaagset-met-lange-mouwen-voor-dames.jpg?format=auto&f=800x0,[]
Heren merinowol fiets ondershirt SRX Typhoon,"€40,00",https://contents.mediadecathlon.com/m11908904/k$1d099f5a5e3296119f62e41fede7ad8c/sq/heren-merinowol-fiets-ondershirt-srx-typhoon.jpg?format=auto&f=800x0,[]
Heatkeeper Thermoset Dames Comfort - Thermoshirt + Thermo Legging - Antraciet,"€26,95",https://contents.mediadecathlon.com/m6465707/k$3313e90f0d58fdb29e55f3edf56bc813/sq/heatkeeper-thermoset-dames-comfort-thermoshirt-thermo-legging-antraciet.jpg?format=auto&f=800x0,[]
Symbolise Dames Skiën Basislaag Set - Wit / zwart print,"€41,95",https://contents.mediadecathlon.com/m8442520/k$21eed063bef74a0e9b74a78343d5dca1/sq/symbolise-dames-skien-basislaag-set-wit-zwart-print.jpg?format=auto&f=800x0,[]
Heren merinowol fiets ondershirt SRX Black Ice,"€40,00",https://contents.mediadecathlon.com/m11908804/k$97cdaa291103194231f34fdcb89e4034/sq/heren-merinowol-fiets-ondershirt-srx-black-ice.jpg?format=auto&f=800x0,[]
DAMES 10 20°C T-SHIRT MET LANGE MOUWEN VAN MERINOWOLLEN,"€99,00",https://contents.mediadecathlon.com/m8357223/k$d9d818acb03fc7fa07d6e25c5f1ea070/sq/dames-10-20c-t-shirt-met-lange-mouwen-van-merinowollen.jpg?format=auto&f=800x0,[]
Dames merinowol fiets ondershirt SRX Skin Fit,"€49,00",https://contents.mediadecathlon.com/m11724188/k$6f6ca7471f2a5644a7ec3b10737a668b/sq/dames-merinowol-fiets-ondershirt-srx-skin-fit.jpg?format=auto&f=800x0,[]
In The Zone Dames Skiën Basislaag Set - Roze / grijs,"€25,95",https://contents.mediadecathlon.com/m8427738/k$be90155b65ccfeae6b57a13b3f709381/sq/in-the-zone-dames-skien-basislaag-set-roze-grijs.jpg?format=auto&f=800x0,[]
Thermoshirt voor skiën heren BL 980 seamless blauw/grijs,"€49,99",https://contents.mediadecathlon.com/p2295475/k$1ae03f85bf2b69f5bfe16726148430c4/sq/thermoshirt-voor-skien-heren-bl-980-seamless-blauwgrijs.jpg?format=auto&f=800x0,[]
MERINO BASE-LAYER HEREN 0-10°C,"€119,00",https://contents.mediadecathlon.com/m8357264/k$0e0c406f27a02fd5c40ef5b25eaba443/sq/merino-base-layer-heren-0-10c.jpg?format=auto&f=800x0,[]
Heatkeeper Thermoset Kinderen Comfort - Thermoshirt + Thermo Legging - Antraciet,"€36,95",https://contents.mediadecathlon.com/m6465730/k$af187a07173b0e74fedc042862932b66/sq/heatkeeper-thermoset-kinderen-comfort-thermoshirt-thermo-legging-antraciet.jpg?format=auto&f=800x0,[]
Dames/dames in de zone Basislaagset (Zwart),"€39,16",https://contents.mediadecathlon.com/m5280832/k$5444ce10b28cfb78965f6bd3168344dd/sq/damesdames-in-de-zone-basislaagset-zwart.jpg?format=auto&f=800x0,[]
In The Zone skibasislaagset voor kinderen,"€33,25",https://contents.mediadecathlon.com/m8186152/k$99b5ceeba32ab1024cde3351a5e98e78/sq/in-the-zone-skibasislaagset-voor-kinderen.jpg?format=auto&f=800x0,[]
Beru Heren Skiën Basislaag Top - Donkerblauw,"€34,95",https://contents.mediadecathlon.com/m5468824/k$aedf786cb7b66fc49faeeb6b52c5f9fb/sq/beru-heren-skien-basislaag-top-donkerblauw.jpg?format=auto&f=800x0,[]
OGARUN BASISLAAG -10 +10°C HEREN MERINOWOL,"€149,00","data:image/gif;base64,R0lGODlhAQABAAAAACH5BAEKAAEALAAAAAABAAEAAAICTAEAOw==",[]
Heatkeeper thermo shirt voor heren antraciet TWO-PACK,"€29,99",https://contents.mediadecathlon.com/m8858462/k$79aca101c1b9d4ec582f1395cc38716d/sq/heatkeeper-thermo-shirt-voor-heren-antraciet-two-pack.jpg?format=auto&f=800x0,[]
Heren fiets ondershirt Atomic,"€35,00",https://contents.mediadecathlon.com/m11988913/k$1dfcaa36580886a0e5213437e7b16bd1/sq/heren-fiets-ondershirt-atomic.jpg?format=auto&f=800x0,[]
Thermisch ondershirt heren Slush Maroon,"€35,00",https://contents.mediadecathlon.com/m9843740/k$b8a8d91b32208411b9a80239fa1dcf41/sq/thermisch-ondershirt-heren-slush-maroon.jpg?format=auto&f=800x0,[]
Thermisch ondershirt heren Slush Black,"€35,00",https://contents.mediadecathlon.com/m10402035/k$3f449d227e6c61db238fbdfad58e9aa1/sq/thermisch-ondershirt-heren-slush-black.jpg?format=auto&f=800x0,[]
Ondershirt voor dames lange mouwen en ronde hals,"€24,99",https://contents.mediadecathlon.com/p2290185/k$31d850879089e562bc6ce9b888906548/sq/ondershirt-voor-dames-lange-mouwen-en-ronde-hals.jpg?format=auto&f=800x0,[]
Heren merinowol ondershirt Ultimate Thermal,"€79,00",https://contents.mediadecathlon.com/m9843401/k$3cf683f2f5897ff0497538c0c8897642/sq/heren-merinowol-ondershirt-ultimate-thermal.jpg?format=auto&f=800x0,[]
Ondershirt voor basketbal voor kinderen UT500 NBA Los Angeles Lakers zwart,"€19,99",https://contents.mediadecathlon.com/p2333276/k$95c35e386f409fb893efd495e48a6835/sq/ondershirt-voor-basketbal-voor-kinderen-ut500-nba-los-angeles-lakers-zwart.jpg?format=auto&f=800x0,[]
Heatkeeper thermo shirt voor heren antraciet 4-PACK,"€51,95",https://contents.mediadecathlon.com/m10082389/k$25473225a2fd5031ead6546d87249332/sq/heatkeeper-thermo-shirt-voor-heren-antraciet-4-pack.jpg?format=auto&f=800x0,[]
Ondershirt - Lange Mouwen Unisex - Essential,"€29,95",https://contents.mediadecathlon.com/m9364951/k$f44a4c8290d2a6dad72f3d8ce72d025d/sq/ondershirt-lange-mouwen-unisex-essential.jpg?format=auto&f=800x0,[]
Thermisch ondershirt heren Slush Green,"€35,00",https://contents.mediadecathlon.com/m9844036/k$eed8cf181722368dd5e3caf96596a341/sq/thermisch-ondershirt-heren-slush-green.jpg?format=auto&f=800x0,[]
